<keymap version="1" name="Windows (Illuminated Cloud)" parent="$default">
  <action id="DBNavigator.Actions.SourceEditor.Save" />
  <action id="IlluminatedCloud.SaveAll">
    <keyboard-shortcut first-keystroke="ctrl s" />
  </action>
  <action id="SaveAll" />
  <action id="Scala.ExpandImplicits">
    <keyboard-shortcut first-keystroke="shift ctrl alt equals" />
    <keyboard-shortcut first-keystroke="shift ctrl alt add" />
  </action>
  <action id="Scala.ShowImplicits">
    <keyboard-shortcut first-keystroke="shift ctrl alt equals" />
    <keyboard-shortcut first-keystroke="shift ctrl alt add" />
  </action>
</keymap>