<application>
  <component name="AccountStore">
    <option name="accountString" value="{&quot;Default&quot;:{&quot;profileName&quot;:&quot;Default&quot;,&quot;ak&quot;:&quot;LTAI4G1R44Nf5acQbN8mnXxh&quot;,&quot;secret&quot;:&quot;s70BOGQ7IroeTFv3GMNcuzVcpV7V5N&quot;,&quot;show&quot;:false}}" />
    <option name="allAccount">
      <map>
        <entry key="Default">
          <value>
            <AccountModel>
              <option name="ak" value="LTAI4G1R44Nf5acQbN8mnXxh" />
              <option name="profileName" value="Default" />
              <option name="secret" value="s70BOGQ7IroeTFv3GMNcuzVcpV7V5N" />
            </AccountModel>
          </value>
        </entry>
      </map>
    </option>
    <option name="defaultProfile" value="Default" />
  </component>
</application>