<application>
  <component name="EdasStore">
    <option name="hotCacheProxyProfiles">
      <list />
    </option>
    <option name="moduleServiceConnectMap">
      <map />
    </option>
    <option name="proxyProfiles">
      <list />
    </option>
    <option name="serviceConnectMap">
      <map>
        <entry key="aliSpringTest">
          <value>
            <EdasServiceConnectModel>
              <option name="app">
                <EdasAppModel>
                  <option name="appId" value="-1" />
                  <option name="appName" value="Select an application" />
                </EdasAppModel>
              </option>
              <option name="customRegistryAddress" value="" />
              <option name="namespace">
                <EdasNamespaceModel>
                  <option name="namespaceId" value="-1" />
                  <option name="namespaceName" value="Select a namespace" />
                </EdasNamespaceModel>
              </option>
              <option name="product">
                <MicroserivceProductModel>
                  <option name="productId" value="EDAS" />
                  <option name="productName" value="企业级分布式应用服务（EDAS）" />
                </MicroserivceProductModel>
              </option>
              <option name="proxyProfileId" value="-1" />
              <option name="region">
                <EdasRegionModel>
                  <option name="regionId" value="cn-qingdao" />
                  <option name="regionName" value="华北 1(青岛)" />
                </EdasRegionModel>
              </option>
              <option name="registryType" value="-1" />
              <option name="serverPort" value="" />
            </EdasServiceConnectModel>
          </value>
        </entry>
      </map>
    </option>
  </component>
</application>