<application>
  <component name="TipsStore">
    <option name="globalFirstStartUp" value="false" />
    <entry projectPath="//wsl$/Ubuntu-18.04/opt/Idea" startUpFlag="FIRST" />
    <entry projectPath="//wsl$/Ubuntu-18.04/opt/Idea/FundamentalsRefresher" startUpFlag="FIRST" />
    <entry projectPath="//wsl$/Ubuntu-18.04/opt/Idea/HelloWsl" startUpFlag="FIRST" />
    <entry projectPath="//wsl$/Ubuntu-18.04/opt/Idea/aliSpringTest" startUpFlag="FIRST" />
    <entry projectPath="//wsl$/Ubuntu-18.04/opt/Idea/cloud2020" startUpFlag="FIRST" />
    <entry projectPath="//wsl$/Ubuntu-18.04/opt/Idea/springcloudDemo" startUpFlag="FIRST" />
    <entry projectPath="//wsl$/Ubuntu-18.04/opt/Idea/test1" startUpFlag="FIRST" />
    <entry projectPath="//wsl$/Ubuntu-18.04/opt/Idea/test2" startUpFlag="FIRST" />
    <entry projectPath="C:/360安全浏览器下载/01hjf" startUpFlag="FIRST" />
    <entry projectPath="C:/360安全浏览器下载/untitled" startUpFlag="FIRST" />
    <entry projectPath="$USER_HOME$/AppData/Local/Temp/360安全浏览器下载.iml" startUpFlag="FIRST" />
    <entry projectPath="$USER_HOME$/AppData/Local/Temp/hasaki书城.md" startUpFlag="FIRST" />
    <entry projectPath="$USER_HOME$/AppData/Local/Temp/web.xml" startUpFlag="FIRST" />
    <entry projectPath="$USER_HOME$/AppData/Local/Temp/数据清洗.Rmd" startUpFlag="FIRST" />
    <entry projectPath="$USER_HOME$/AppData/Local/Temp/有道云笔记网页剪报.txt" startUpFlag="FIRST" />
    <entry projectPath="$USER_HOME$/Desktop" startUpFlag="FIRST" />
    <entry projectPath="$USER_HOME$/Desktop/WebServer2" startUpFlag="FIRST" />
    <entry projectPath="$USER_HOME$/Desktop/代码/1029demo" startUpFlag="FIRST" />
    <entry projectPath="$USER_HOME$/Desktop/代码/MyIDEAProject-master/MyIDEAProject-master" startUpFlag="FIRST" />
    <entry projectPath="$USER_HOME$/Desktop/代码/SpringBoot-Demo" startUpFlag="FIRST" />
    <entry projectPath="$USER_HOME$/Desktop/代码/springboot-03-web" startUpFlag="FIRST" />
    <entry projectPath="$USER_HOME$/Desktop/计算机基础/【完整版15章】聚焦Java性能优化 打造亿级流量秒杀系统（附赠秒杀项目）/代码/代码/dianshangmiaosha/第二章.秒杀回顾" startUpFlag="FIRST" />
    <entry projectPath="$USER_HOME$/Desktop/计算机基础/【完整版15章】聚焦Java性能优化 打造亿级流量秒杀系统（附赠秒杀项目）/代码/代码/dianshangmiaosha/第二章.秒杀回顾/miaoshaStable" startUpFlag="FIRST" />
    <entry projectPath="$USER_HOME$/Documents/URL-inetaddress" startUpFlag="FIRST" />
    <entry projectPath="$USER_HOME$/Downloads/Java-Calculator-master/Java-Calculator-master" startUpFlag="FIRST" />
    <entry projectPath="$USER_HOME$/Downloads/TCP-Experiment-main/TCP-Experiment-main" startUpFlag="FIRST" />
    <entry projectPath="$USER_HOME$/Downloads/miaosha-master (1)/miaosha-master" startUpFlag="FIRST" />
    <entry projectPath="$USER_HOME$/Downloads/miaosha-master/miaosha-master/miaoshaProject" startUpFlag="FIRST" />
    <entry projectPath="$USER_HOME$/Downloads/springboot-miaosha-master" startUpFlag="FIRST" />
    <entry projectPath="$USER_HOME$/Downloads/springboot-miaosha-master/springboot-miaosha-master" startUpFlag="FIRST" />
    <entry projectPath="$USER_HOME$/IdeaProjects" startUpFlag="FIRST" />
    <entry projectPath="$USER_HOME$/IdeaProjects/IdeaProject" startUpFlag="FIRST" />
    <entry projectPath="$USER_HOME$/IdeaProjects/RHelloWorld" startUpFlag="FIRST" />
    <entry projectPath="$USER_HOME$/IdeaProjects/demo10" startUpFlag="FIRST" />
    <entry projectPath="$USER_HOME$/IdeaProjects/demo11" startUpFlag="FIRST" />
    <entry projectPath="$USER_HOME$/IdeaProjects/demo12" startUpFlag="FIRST" />
    <entry projectPath="$USER_HOME$/IdeaProjects/demo2" startUpFlag="FIRST" />
    <entry projectPath="$USER_HOME$/IdeaProjects/demo3" startUpFlag="FIRST" />
    <entry projectPath="$USER_HOME$/IdeaProjects/javaReview" startUpFlag="FIRST" />
    <entry projectPath="$USER_HOME$/IdeaProjects/sec-killing" startUpFlag="FIRST" />
    <entry projectPath="$USER_HOME$/IdeaProjects/springboot-03-web" startUpFlag="FIRST" />
    <entry projectPath="$USER_HOME$/IdeaProjects/springboot-5-mybatis" startUpFlag="FIRST" />
    <entry projectPath="$USER_HOME$/IdeaProjects/untitled9" startUpFlag="FIRST" />
    <entry projectPath="$USER_HOME$/demoSSH" startUpFlag="FIRST" />
    <entry projectPath="D:/application/【完整版15章】聚焦Java性能优化 打造亿级流量秒杀系统（附赠秒杀项目）/代码/代码/dianshangmiaosha/第七八章.交易优化/miaoshaStable" startUpFlag="FIRST" />
    <entry projectPath="D:/application/【完整版15章】聚焦Java性能优化 打造亿级流量秒杀系统（附赠秒杀项目）/代码/代码/dianshangmiaosha/第三章.云端部署/miaoshaStable" startUpFlag="FIRST" />
    <entry projectPath="D:/application/【完整版15章】聚焦Java性能优化 打造亿级流量秒杀系统（附赠秒杀项目）/代码/代码/dianshangmiaosha/第二章.秒杀回顾" startUpFlag="FIRST" />
    <entry projectPath="D:/application/【完整版15章】聚焦Java性能优化 打造亿级流量秒杀系统（附赠秒杀项目）/代码/代码/dianshangmiaosha/第五六章.查询优化/htmlStable" startUpFlag="FIRST" />
    <entry projectPath="D:/application/【完整版15章】聚焦Java性能优化 打造亿级流量秒杀系统（附赠秒杀项目）/代码/代码/dianshangmiaosha/第五六章.查询优化/miaoshaStable" startUpFlag="FIRST" />
    <entry projectPath="D:/application/【完整版15章】聚焦Java性能优化 打造亿级流量秒杀系统（附赠秒杀项目）/代码/代码/dianshangmiaosha/第十章.防刷限流技术" startUpFlag="FIRST" />
    <entry projectPath="D:/application/【完整版15章】聚焦Java性能优化 打造亿级流量秒杀系统（附赠秒杀项目）/代码/代码/dianshangmiaosha/第四章.分布式扩展" startUpFlag="FIRST" />
    <entry projectPath="D:/miaosha-master" startUpFlag="FIRST" />
    <entry projectPath="D:/typora/markdown/EasyExcel/easyexcel-代码/easyexcel" startUpFlag="FIRST" />
    <entry projectPath="D:/楠哥Java/2021毕业设计/mmall002/mmall002" startUpFlag="FIRST" />
    <entry projectPath="D:/楠哥Java/2021毕业设计/staticdemo/staticdemo" startUpFlag="FIRST" />
    <entry projectPath="D:/楠哥Java/JDBCTools/JDBCTools/JDBCTools" startUpFlag="FIRST" />
    <entry projectPath="D:/资料/BookStoreProject-master/BookStoreProject-master" startUpFlag="FIRST" />
    <entry projectPath="D:/资料/book" startUpFlag="FIRST" />
    <entry projectPath="D:/资料/资料/16-JSON和Ajax请求/代码/book" startUpFlag="FIRST" />
    <entry projectPath="D:/资料/资料/book/book" startUpFlag="FIRST" />
    <entry projectPath="D:/黑马资料/Java面试专题-资料/day02-并发篇/代码/interview" startUpFlag="FIRST" />
    <entry projectPath="D:/黑马资料/java进阶13天资料/day02-抽象类、接口、代码块，final、单例、枚举/code/Day02Demo" startUpFlag="FIRST" />
    <entry projectPath="D:/黑马资料/java进阶13天资料/day08-线程状态，volatile关键字、原子性、并发包、死锁、线程池/code/Day08Demo" startUpFlag="FIRST" />
    <entry projectPath="D:/黑马资料/资料-并发编程/并发编程代码/concurrent" startUpFlag="FIRST" />
    <entry projectPath="E:/IdeaProjects/SouceCode" startUpFlag="FIRST" />
    <entry projectPath="E:/IdeaProjects/aliSpringTest2" startUpFlag="FIRST" />
    <entry projectPath="E:/IdeaProjects/cloud-ad-springcloud" startUpFlag="FIRST" />
    <entry projectPath="E:/IdeaProjects/imooc-ad/chapter-16/extra" startUpFlag="FIRST" />
    <entry projectPath="E:/IdeaProjects/luoweiying-ad-spring-cloud-master" startUpFlag="FIRST" />
    <entry projectPath="E:/IdeaProjects/ntspringcloud" startUpFlag="FIRST" />
    <entry projectPath="E:/IdeaProjects/sec-killing" startUpFlag="FIRST" />
    <entry projectPath="E:/IdeaProjects/secKilling" startUpFlag="FIRST" />
    <entry projectPath="E:/IdeaProjects/yu-ad-spring-cloud" startUpFlag="FIRST" />
    <entry projectPath="E:/a/a - 副本/test1" startUpFlag="FIRST" />
    <entry projectPath="E:/openProjects/HyperSQLDB-master/HyperSQLDB-master/hsqldb-2.5.0/hsqldb" startUpFlag="FIRST" />
    <entry projectPath="E:/openProjects/RuoYi" startUpFlag="FIRST" />
    <entry projectPath="E:/openProjects/RuoYi-Cloud-master/RuoYi-Cloud-master" startUpFlag="FIRST" />
    <entry projectPath="E:/openProjects/Search_Adserver" startUpFlag="FIRST" />
    <entry projectPath="E:/openProjects/SourceCode" startUpFlag="FIRST" />
    <entry projectPath="E:/openProjects/YaYaoAdvertiseServer" startUpFlag="FIRST" />
    <entry projectPath="E:/openProjects/ad-system-spring-cloud" startUpFlag="FIRST" />
    <entry projectPath="E:/openProjects/ads-all" startUpFlag="FIRST" />
    <entry projectPath="E:/openProjects/b5m-web-adrsclick" startUpFlag="FIRST" />
    <entry projectPath="E:/openProjects/derby-trunk" startUpFlag="FIRST" />
    <entry projectPath="E:/openProjects/djq888-RuoYi-master/RuoYi" startUpFlag="FIRST" />
    <entry projectPath="E:/openProjects/flink-recommandSystem-demo" startUpFlag="FIRST" />
    <entry projectPath="E:/openProjects/gae" startUpFlag="FIRST" />
    <entry projectPath="E:/openProjects/geekshow-ad" startUpFlag="FIRST" />
    <entry projectPath="E:/openProjects/hsqldb-master" startUpFlag="FIRST" />
    <entry projectPath="E:/openProjects/hutool-5-master" startUpFlag="FIRST" />
    <entry projectPath="E:/openProjects/javaSE" startUpFlag="FIRST" />
    <entry projectPath="E:/openProjects/leveldb-master/leveldb-master/leveldb" startUpFlag="FIRST" />
    <entry projectPath="E:/openProjects/link-advertise" startUpFlag="FIRST" />
    <entry projectPath="E:/openProjects/link-visitors-engine" startUpFlag="FIRST" />
    <entry projectPath="E:/openProjects/mall-master/mall-master" startUpFlag="FIRST" />
    <entry projectPath="E:/openProjects/mscx-ad" startUpFlag="FIRST" />
    <entry projectPath="E:/openProjects/my-db-master" startUpFlag="FIRST" />
    <entry projectPath="E:/openProjects/search" startUpFlag="FIRST" />
    <entry projectPath="E:/openProjects/spring-native" startUpFlag="FIRST" />
    <entry projectPath="E:/openProjects/springboot-study" startUpFlag="FIRST" />
    <entry projectPath="E:/openProjects/xi-kv" startUpFlag="FIRST" />
    <entry projectPath="E:/projects/IdeaProjects/DataStructure" startUpFlag="FIRST" />
    <entry projectPath="E:/projects/IdeaProjects/EasyExcelDemo" startUpFlag="FIRST" />
    <entry projectPath="E:/projects/IdeaProjects/ScalaTest2" startUpFlag="FIRST" />
    <entry projectPath="E:/projects/IdeaProjects/Testdemo" startUpFlag="FIRST" />
    <entry projectPath="E:/projects/IdeaProjects/cloud-ad-springcloud" startUpFlag="FIRST" />
    <entry projectPath="E:/projects/IdeaProjects/current" startUpFlag="FIRST" />
    <entry projectPath="E:/projects/IdeaProjects/secKilling" startUpFlag="FIRST" />
    <entry projectPath="E:/projects/openProjects/AsciidocFX-master" startUpFlag="FIRST" />
    <entry projectPath="E:/projects/openProjects/ScalaDemo" startUpFlag="FIRST" />
    <entry projectPath="E:/projects/openProjects/ScalaTest" startUpFlag="FIRST" />
    <entry projectPath="E:/projects/openProjects/TerminalFX-master" startUpFlag="FIRST" />
    <entry projectPath="E:/projects/openProjects/current" startUpFlag="FIRST" />
    <entry projectPath="E:/projects/openProjects/spring-native" startUpFlag="FIRST" />
    <entry projectPath="E:/projects/openProjects/spring-native-0.10.3" startUpFlag="FIRST" />
    <entry projectPath="E:/projects/openProjects/spring-native-ActiveBranches" startUpFlag="FIRST" />
    <entry projectPath="E:/referenceProjects/Crowd-Funding-Website-master/众筹项目" startUpFlag="FIRST" />
    <entry projectPath="E:/referenceProjects/eduplatform-master" startUpFlag="FIRST" />
    <entry projectPath="E:/referenceProjects/simpleframework" startUpFlag="FIRST" />
  </component>
</application>