<application>
  <component name="CodotaSettings">
    <option name="methodCompletionsPercentageSet" value="true" />
    <option name="id" value="c3c86d04-0d69-4ae9-addb-a848a8cf60da" />
    <option name="wasRunBefore" value="true" />
    <option name="firstRun" value="1601473187212" />
    <option name="generation" value="125" />
    <option name="updateGeneration" value="1" />
    <option name="isInJSBeta" value="YES" />
    <option name="isMethodCompletionsPercentageActive" value="true" />
    <option name="isMethodCompletionsPercentageSet" value="true" />
    <option name="testedFeatureFlags">
      <set>
        <option value="deep-completions" />
      </set>
    </option>
    <option name="completeIndexingProjects">
      <map>
        <entry key="fba51c6b" value="1" />
      </map>
    </option>
    <option name="usedLanguages">
      <set>
        <option value="java" />
      </set>
    </option>
  </component>
</application>