<application>
  <component name="FileTypeManager" version="18">
    <ignoreFiles list="*.ideal;*.o;*.obj;*.pyc;*.pyo;*.rbc;*.yarb;*~;.DS_Store;.hg;.svn;CVS;__pycache__;_svn;vssver.scc;vssver2.scc" />
    <extensionMap>
      <mapping pattern="docs" type="AUTO_DETECTED" />
      <mapping pattern="LICENSE" type="AUTO_DETECTED" />
      <mapping ext="space.kts" type="Kotlin" />
      <mapping ext="gradle.kts" type="Kotlin" />
      <mapping ext="main.kts" type="Kotlin" />
      <mapping pattern=".DS_Store" type="PLAIN_TEXT" />
      <mapping pattern=".htaccess" type="PLAIN_TEXT" />
      <mapping pattern="1" type="PLAIN_TEXT" />
      <mapping ext="lua" type="PLAIN_TEXT" />
      <mapping ext="jfm" type="PLAIN_TEXT" />
      <mapping ext="woff2" type="PLAIN_TEXT" />
      <mapping ext="vm" type="PLAIN_TEXT" />
      <mapping ext="perproties" type="PLAIN_TEXT" />
      <mapping ext="original" type="PLAIN_TEXT" />
      <mapping ext="woff" type="PLAIN_TEXT" />
      <mapping ext="map" type="PLAIN_TEXT" />
      <mapping ext="url" type="PLAIN_TEXT" />
      <mapping ext="eot" type="PLAIN_TEXT" />
      <removed_mapping ext="apk" approved="true" type="ARCHIVE" />
      <removed_mapping ext="bat" approved="true" type="Batch" />
      <removed_mapping ext="ignore" approved="true" type="IgnoreLang file" />
      <removed_mapping ext="json" approved="true" type="JSON" />
      <removed_mapping ext="psd" approved="true" type="Image" />
      <removed_mapping ext="yaml" approved="true" type="YAML" />
    </extensionMap>
  </component>
</application>