<application>
  <component name="GeneralSettings">
    <option name="reopenLastProject" value="false" />
  </component>
  <component name="Registry">
    <entry key="ide.windowSystem.autoShowProcessPopup" value="true" />
    <entry key="ide.balloon.shadow.size" value="0" />
    <entry key="ide.intellij.laf.enable.animation" value="true" />
    <entry key="scala.erase.compiler.process.jdk.once" value="false" />
  </component>
  <component name="StatusBar">
    <option name="widgets">
      <map>
        <entry key="BuildStatusSummary" value="false" />
      </map>
    </option>
  </component>
</application>