<application>
  <component name="LightEdit">
    <option name="sessionFiles">
      <list>
        <option value="file://D:/hello.java" />
      </list>
    </option>
    <option name="supportedFilePatterns">
      <list>
        <option value="*.Rmd" />
        <option value="*.bat" />
        <option value="*.c" />
        <option value="*.class" />
        <option value="*.cmd" />
        <option value="*.conf" />
        <option value="*.cpp" />
        <option value="*.css" />
        <option value="*.dll" />
        <option value="*.html" />
        <option value="*.ini" />
        <option value="*.java" />
        <option value="*.js" />
        <option value="*.json" />
        <option value="*.log" />
        <option value="*.md" />
        <option value="*.properties" />
        <option value="*.py" />
        <option value="*.sh" />
        <option value="*.txt" />
        <option value="*.url" />
        <option value="*.xml" />
        <option value="*.yml" />
      </list>
    </option>
    <option name="frameInfo">
      <frame x="-368" y="195" width="1750" height="980" />
    </option>
  </component>
</application>