<application>
  <component name="RemoteServers">
    <remote-server name="WSL2-Docker" type="docker">
      <configuration>
        <option name="apiUrl" value="tcp://192.168.50.16:2375" />
      </configuration>
    </remote-server>
    <remote-server name="DockerForWindows" type="docker">
      <configuration>
        <option name="apiUrl" value="npipe:////./pipe/docker_engine" />
        <option name="certificatesPath" />
      </configuration>
    </remote-server>
  </component>
</application>