<application>
  <component name="UpdatesConfigurable">
    <option name="CHECK_NEEDED" value="false" />
    <ignoredBuildNumbers>
      <item value="emulator#30.7.4" />
      <item value="emulator#30.7.5" />
    </ignoredBuildNumbers>
    <option name="LAST_BUILD_CHECKED" value="IC-212.5284.40" />
    <option name="LAST_TIME_CHECKED" value="1634025118007" />
    <pluginHosts>
      <item value="https://plugins.jetbrains.com/plugins/nightly/1347" />
    </pluginHosts>
    <option name="THIRD_PARTY_PLUGINS_ALLOWED" value="true" />
  </component>
</application>