<application>
  <component name="AppStorage">
    <option name="newTranslationDialogWidth" value="718" />
    <option name="newTranslationDialogX" value="634" />
    <option name="newTranslationDialogY" value="251" />
    <histories>
      <item value="position" />
      <item value="connect" />
      <item value="Business" />
      <item value="original" />
      <item value="Testdemo-0.0.1-SNAPSHOT.jar.original" />
      <item value="File encoding has not been set, using platform encoding UTF-8, i.e. build is platform dependent!" />
      <item value="Unable to make field private final" />
      <item value="Inaccessible Object Exception" />
      <item value="--add-opens java.basejava.util.concurrent=ALL-UNNAMED --add-opens java.basejava.util.concurrent.locks=ALL-UNNAMED" />
      <item value="Unable to make field private final java.util.concurrent.locks.ReentrantLockSync java.util.concurrent.locks.ReentrantLock.sync accessible: module java.base does not &quot;opens java.util.concurrent.locks&quot; to unnamed module" />
      <item value="encrpt Password" />
      <item value="validate Login" />
      <item value="8:47&#9;Auto fetch failed&#10;&#9;&#9;'C:\Users\fucker\Documents\GitHub\seckilling' does not appear to be a git repository&#10;&#9;&#9;Could not read from remote repository.&#10;&#9;&#9;Please make sure you have the correct access rights&#10;&#9;&#9;and the repository exists." />
      <item value="Defined field" />
      <item value="@throws NullPointerException if the parent argument is {@code null} @throws SecurityException if the current thread cannot create a thread in the specified thread group." />
      <item value="called from C code" />
      <item value="uncaught Exception" />
      <item value="prototype" />
      <item value="com.alibaba.excel.exception.ExcelGenerateException: Can not found file." />
      <item value="21:11:54,822 DEBUG ExcelHeadProperty:95 - The initialization sheettable 'ExcelHeadProperty' is complete , head kind is CLASS 21:11:54,853 DEBUG AnalysisContextImpl:48 - Initialization 'AnalysisContextImpl' complete 21:11:54,945 DEBUG SimpleReadCacheSelector:73 - Use map cache.size:657 21:11:55,175 DEBUG SheetUtils:42 - The first is read by default. 21:11:55,175 DEBUG ExcelHeadProperty:95 - The initialization sheettable 'ExcelHeadProperty' is complete , head kind is CLASS" />
      <item value="Abstract Read Holder.notify End One Row" />
      <item value="Convert" />
      <item value="Convert data 男 to class java.util.Date error" />
      <item value="Excel Analysis Exception" />
      <item value="OK, we're started, everything went fine, just return" />
      <item value="wait for timeout - elapsed. A timeout of Long.MAX_VALUE is equivalent to something like 292271023 years - which is pretty close to forever as far as we are concerned ;-)" />
      <item value="Interrupted Exception" />
      <item value="illegal start of simple pattern" />
      <item value="reason: not ok build status: Error (BuildMessages(Vector(),Vector(),Vector(),Vector(),Error))" />
      <item value="Total time: 0 s, completed 2021-9-12 23:28:01" />
      <item value="'=' expected, but '{' found def main(args: Array[String]) {" />
      <item value="found" />
      <item value="Time Unit" />
      <item value="public" />
      <item value="Some private helper methods" />
      <item value="blocker Lock" />
      <item value="Just to set the interrupt flag" />
      <item value="sleep interrupted" />
      <item value="MILLISECONDS" />
      <item value="terminated" />
      <item value="waiting" />
      <item value=" BLOCK&#10;" />
      <item value=" BLOCKed&#10;" />
      <item value=" BLOCKe'd" />
      <item value=" BLOCK" />
      <item value=" BLOCKE" />
      <item value=" BLOCKED" />
      <item value="is Interrupted" />
      <item value="set Daemon" />
      <item value="TERMINATED" />
    </histories>
    <option name="languageScores">
      <map>
        <entry key="CHINESE" value="884" />
        <entry key="ENGLISH" value="885" />
        <entry key="POLISH" value="1" />
        <entry key="DANISH" value="2" />
        <entry key="GERMAN" value="1" />
        <entry key="DUTCH" value="1" />
        <entry key="CATALAN" value="1" />
        <entry key="CROATIAN" value="1" />
        <entry key="LATIN" value="1" />
        <entry key="ROMANIAN" value="1" />
        <entry key="MALTESE" value="1" />
        <entry key="MALAY" value="1" />
        <entry key="ZULU" value="1" />
        <entry key="NORWEGIAN" value="1" />
        <entry key="PORTUGUESE" value="1" />
        <entry key="SWEDISH" value="2" />
        <entry key="SOMALI" value="1" />
        <entry key="SPANISH" value="1" />
        <entry key="GREEK" value="4" />
        <entry key="ITALIAN" value="3" />
        <entry key="HINDI" value="1" />
      </map>
    </option>
  </component>
  <component name="Cache">
    <option name="lastTrimTime" value="1634027312273" />
  </component>
  <component name="Settings">
    <option name="googleTranslateSettings">
      <google-translate>
        <option name="useTranslateGoogleCom" value="true" />
      </google-translate>
    </option>
    <option name="translateDocumentation" value="true" />
  </component>
</application>